ts,chars,pred_label,p_human,p_ai
20260209_225500,4191,ai_neutral,0.08947510334588675,0.9105248966541133
