ts,chars,pred_label,p_human,p_ai
20260209_224557,4191,1,0.08947510334588675,0.04913428387319861
