ts,chars,pred_label,p_human,p_ai
20260209_225130,4191,1,0.8613906127809148,0.04913428387319861
