{
  "accuracy_test": 0.9673076923076923,
  "cv_mean": 0.9707692307692307,
  "cv_std": 0.0039223227027636665,
  "report": {
    "0": {
      "precision": 0.9716981132075472,
      "recall": 0.9747634069400631,
      "f1-score": 0.9732283464566929,
      "support": 317.0
    },
    "1": {
      "precision": 0.9603960396039604,
      "recall": 0.9556650246305419,
      "f1-score": 0.9580246913580247,
      "support": 203.0
    },
    "accuracy": 0.9673076923076923,
    "macro avg": {
      "precision": 0.9660470764057538,
      "recall": 0.9652142157853025,
      "f1-score": 0.9656265189073587,
      "support": 520.0
    },
    "weighted avg": {
      "precision": 0.9672859575507623,
      "recall": 0.9673076923076923,
      "f1-score": 0.967293073408559,
      "support": 520.0
    }
  }
}