{
  "method": "char_tfidf",
  "char_ngram_range": [
    3,
    5
  ],
  "max_features": 80000,
  "accuracy_test": 0.9903691813804173,
  "cv_mean": 0.9685166165169056,
  "cv_std": 0.028061388256529186,
  "classes": [
    "ai_mimic",
    "ai_neutral",
    "human"
  ],
  "report": {
    "ai_mimic": {
      "precision": 0.9714285714285714,
      "recall": 1.0,
      "f1-score": 0.9855072463768116,
      "support": 204.0
    },
    "ai_neutral": {
      "precision": 1.0,
      "recall": 0.9411764705882353,
      "f1-score": 0.9696969696969697,
      "support": 102.0
    },
    "human": {
      "precision": 1.0,
      "recall": 1.0,
      "f1-score": 1.0,
      "support": 317.0
    },
    "accuracy": 0.9903691813804173,
    "macro avg": {
      "precision": 0.9904761904761905,
      "recall": 0.9803921568627452,
      "f1-score": 0.9850680720245938,
      "support": 623.0
    },
    "weighted avg": {
      "precision": 0.9906443476266912,
      "recall": 0.9903691813804173,
      "f1-score": 0.9902930484269029,
      "support": 623.0
    }
  }
}