ts,chars,pred_label,p_human,p_ai
20260209_230742,4824,ai_neutral,0.07733068311760836,0.9226693168823916
